resource_id,state,service_area,city,resource_name,category,population_served,phone_primary,phone_secondary,text_contact,website,address,services,eligibility_and_intake,cost_notes,mat_notes,certification_or_authority,availability_note,last_verified,source_url
ALA01,Alabama,Birmingham area,Birmingham,Birmingham Recovery Center,Private PHP and IOP expansion,Adults with substance use and co-occurring needs,(205) 813-7400,,,https://www.longleafcenters.com/,"2501 International Park Drive, Birmingham, AL 35243","High-intensity outpatient or PHP, intensive outpatient, and outpatient therapy.",Call for assessment and insurance verification.,Most private insurance plans and self-pay.,,Joint Commission accredited,"Call or check the linked page to confirm current hours, openings, insurance, and eligibility.",2026-08-07,https://www.longleafcenters.com/
ALA02,Alabama,Huntsville and Madison area,Madison,Birmingham Recovery Center Madison,Private PHP and IOP expansion,Adults with substance use and co-occurring needs,(205) 813-7400,,,https://www.longleafcenters.com/,"450 Dunlop Boulevard SW, Madison, AL 35758","High-intensity outpatient or PHP, intensive outpatient, and outpatient therapy.",Call for assessment and insurance verification.,Most private insurance plans and self-pay.,,Joint Commission accredited,"Call or check the linked page to confirm current hours, openings, insurance, and eligibility.",2026-08-07,https://www.longleafcenters.com/
ALA03,Alabama,Mobile and Baldwin County,Spanish Fort,Birmingham Recovery Center Spanish Fort,Private PHP and IOP expansion,Adults with substance use and co-occurring needs,(205) 813-7400,,,https://www.longleafcenters.com/,"13920 Cypress Way, Spanish Fort, AL 36577","High-intensity outpatient or PHP, intensive outpatient, and outpatient therapy.",Call for assessment and insurance verification.,Most private insurance plans and self-pay.,,Joint Commission accredited,"Call or check the linked page to confirm current hours, openings, insurance, and eligibility.",2026-08-07,https://www.longleafcenters.com/
ALA04,Alabama,Birmingham region,Odenville,Impact Recovery Center Odenville,Private residential recovery expansion,Adults seeking intensive structured recovery,(205) 751-4936,,,https://impactrecoverycenter.net/locations/odenville-al-rehab/,,"Thirty-five-day immersive residential 12-step recovery, clinical guidance, family support, and executive-track flexibility.",Call admissions for screening and payment options.,Private-pay arrangements. Discuss current rates with admissions.,,Private recovery provider,"Call or check the linked page to confirm current hours, openings, insurance, and eligibility.",2026-08-07,https://impactrecoverycenter.net/locations/odenville-al-rehab/
ALA05,Alabama,Birmingham area,Mountain Brook,Impact Transitions Birmingham,Private transitional sober living expansion,Graduates of Impact Recovery Center's residential phase,(205) 751-4936,,,https://impactrecoverycenter.net/locations/birmingham-al-transitional-living/,"300 Office Park Dr, Unit 230i, Mountain Brook, AL 35223","Step-down transitional living, recovery coaching, accountability, 12-step engagement, family coordination, and alumni support.",Placement follows completion of the Impact Renewal residential phase.,Private-pay. Admissions can discuss current arrangements.,,Impact Recovery Center,"Call or check the linked page to confirm current hours, openings, insurance, and eligibility.",2026-08-07,https://impactrecoverycenter.net/locations/birmingham-al-transitional-living/
ALA06,Alabama,Huntsville area,Huntsville,His Way Recovery Center,Men's residential recovery expansion,Adult men seeking long-term faith-based addiction recovery,(256) 859-7377,,,https://hiswayinc.org/,"582 Shields Road, Huntsville, AL 35811","Structured residential recovery, counseling, classes, work transition, accountability, and non-residential ReDiscovery programming.",Apply through His Way or call admissions.,Program fees apply. Ask about scholarships and current fees.,,Alabama faith-based recovery provider,"Call or check the linked page to confirm current hours, openings, insurance, and eligibility.",2026-08-07,https://hiswayinc.org/
ALA07,Alabama,Etowah County,Attalla,Rapha Treatment Centers,Residential and sober living expansion,Adults age 18 and older seeking addiction recovery,,,,https://raphatreatmentcenters.com/,,"High-intensity residential Level 3.5, low-intensity residential Level 3.1, and open-ended sober-living aftercare.",Complete an Alabama-approved substance-use assessment and admissions screening.,"Ask about state funding, fees, and eligibility.",,Alabama substance use treatment provider,"Call or check the linked page to confirm current hours, openings, insurance, and eligibility.",2026-08-07,https://raphatreatmentcenters.com/
ALA08,Alabama,Bessemer and Cullman,Bessemer,The Foundry Recovery Program,Men's and women's residential recovery expansion,Men and women seeking faith-based addiction recovery and employment readiness,(205) 424-4673,,,https://foundryministries.com/programs/recovery-program/,,"Men's and women's recovery programs, Foundry Farm residential care, education, employment readiness, case management, and aftercare.",Complete the appropriate recovery-program application.,Nonprofit program. Confirm current participant costs.,,The Foundry Ministries,"Call or check the linked page to confirm current hours, openings, insurance, and eligibility.",2026-08-07,https://foundryministries.com/programs/recovery-program/
ALA09,Alabama,Birmingham area,Birmingham,The Lovelady Center,Women's long-term recovery and reentry expansion,"Women and women with children affected by addiction, incarceration, homelessness, or domestic violence",(205) 833-7410,,,https://www.loveladycenter.org/recovery-program/,"7916 2nd Avenue South, Birmingham, AL 35206","Nine- to twelve-month residential recovery, reentry, counseling, GED and continuing education, job readiness, identification help, and legal stabilization.","Apply through the program. Court, parole, DHR, and self-referrals may be accepted.",The organization describes wraparound recovery services; confirm any current residential or program charges before admission.,,Alabama women's recovery and reentry nonprofit,"Call or check the linked page to confirm current hours, openings, insurance, and eligibility.",2026-08-07,https://www.loveladycenter.org/recovery-program/
